{"cameraMode":{"drawMode":0,"name":"Shaded","section":"Shading Mode"},"sceneLighting":false,"audioPlay":false,"sceneViewState":{"m_AlwaysRefresh":false,"showFog":true,"showSkybox":false,"showFlares":true,"showImageEffects":true,"showParticleSystems":true,"showVisualEffectGraphs":true,"m_FxEnabled":true},"in2DMode":false,"pivot":{"x":0.08775067329406738,"y":0.3967832326889038,"z":1.0711255073547364},"rotation":{"x":-0.08148854225873947,"y":-0.6855702996253967,"z":0.07767114788293839,"w":-0.7192848324775696},"size":1.5812100172042847,"orthographic":false}