{"cameraMode":{"drawMode":0,"name":"Shaded","section":"Shading Mode"},"sceneLighting":false,"audioPlay":false,"sceneViewState":{"m_AlwaysRefresh":false,"showFog":false,"showSkybox":false,"showFlares":false,"showImageEffects":false,"showParticleSystems":false,"showVisualEffectGraphs":true,"m_FxEnabled":true},"in2DMode":false,"pivot":{"x":-0.03357100486755371,"y":0.4204616844654083,"z":-0.1935977339744568},"rotation":{"x":-0.07161879539489746,"y":0.8969507217407227,"z":-0.1579505056142807,"w":-0.40669965744018557},"size":0.6073950529098511,"orthographic":false}