{"cameraMode":{"drawMode":0,"name":"Shaded","section":"Shading Mode"},"sceneLighting":false,"audioPlay":false,"sceneViewState":{"m_AlwaysRefresh":false,"showFog":true,"showSkybox":false,"showFlares":true,"showImageEffects":true,"showParticleSystems":true,"showVisualEffectGraphs":true,"m_FxEnabled":true},"in2DMode":false,"pivot":{"x":3.8484089374542238,"y":1.632987380027771,"z":5.470211505889893},"rotation":{"x":0.27094176411628725,"y":-0.02596418559551239,"z":0.0074010915122926239,"w":0.962131142616272},"size":1.9621423482894898,"orthographic":true}