{"cameraMode":{"drawMode":0,"name":"Shaded","section":"Shading Mode"},"sceneLighting":false,"audioPlay":false,"sceneViewState":{"m_AlwaysRefresh":false,"showFog":true,"showSkybox":false,"showFlares":true,"showImageEffects":true,"showParticleSystems":true,"showVisualEffectGraphs":true,"m_FxEnabled":true},"in2DMode":false,"pivot":{"x":0.6571012139320374,"y":0.09187853336334229,"z":10.717371940612793},"rotation":{"x":-0.014992570504546166,"y":-0.031491898000240329,"z":-0.000450331368483603,"w":0.9993754625320435},"size":1.010457992553711,"orthographic":true}